title,link,text
โรคติดเชื้อไวรัสโคโรนาสายพันธุ์ใหม่ 2019 - กรมควบคุมโรค,https://ddc.moph.go.th/viralpneumonia/,"Call Center 1422 | สำหรับเจ้าหน้าที่. โรคติดเชื้อไวรัสโคโรนา 2019 (COVID-19).
‎กรมควบคุมโรค | วัคซีนโควิด 19 · ‎รายงานสถานการณ์ · ‎สื่อความรู้ · ‎มาตรการ/ข้อสั่งการ"
DDC OPENDATA Covid19 Thailand,https://covid19.ddc.moph.go.th/,"คำอธิบายบริการ, Content-Type, API URL. รายงานสถานการณ์ COVID-19 ประจำวัน, application/json, https://covid19.ddc.moph.go.th/api/Cases/today-cases-all."
ศูนย์ข้อมูล COVID-19 - Home | Facebook,https://www.facebook.com/informationcovid19/,"สถานการณ์โรคติดเชื้อไวรัสโคโรนา 2019 (COVID-19) ทั่วโลก วันพฤหัสบดีที่ 16 ธันวาคม 2564 เวลา 10.00 น. ยอดผู้ติดเชื้อรวม 272,469,550 ราย"
โควิด 19 อัปเดตสถานการณ์ โควิดวันนี้ ล่าสุด COVID-19 ศูนย์กลาง ...,https://covid-19.kapook.com/,โควิด 19 ศูนย์ข้อมูลกลาง ที่อัปเดตถูกต้องล่าสุดทุกวันของ โควิด วันนี้ เช็กข่าวโคโรน่าไวรัส COVID 19 ที่เรียกว่า โควิด 19 นั่นเอง จำนวนผู้ติดเชื้อ อาการโควิด
เช็คสถานการณ์ Covid-19 ได้ที่นี่,https://covid19.workpointnews.com/,"ประเทศไทย. ทั่วโลก. โรงพยาบาล. ความรู้สู้ COVID-19. ความคืบหน้าล่าสุด. FAQ.
‎ผู้ป่วยโรคมะเร็ง เสี่ยงติดโควิด-19... · ‎โควิด-19 ทำเด็กติดมือถือ เสี่ยง..."
แบบประเมินความเสี่ยงก่อนมาโรงพยาบาลต่อการติดเชื้อ COVID-19,https://covid19.rajavithi.go.th/,ข้อที่ 1 : ท่านเดินทางมาจากหรืออยู่อาศัยในพื้นที่ที่มีรายงานการติดเชื้อ ของโรคCOVID-19 ใน 1 เดือนที่ผ่านมา. ข้อที่ 1.1 : (ต่างประเทศ)ท่านได้เดินทางมากจากต่าง
สถานการณ์ โควิด-19 และการฉีดวัคซีน - Sanook,https://www.sanook.com/covid-19/,"ผู้รับวัคซีน โดส 2+63,520สะสม 43,297,863. กราฟสถิติผู้ติดเชื้อโควิด-19."
รายงาน COVID-19 ประจำวัน ข้อมูลประจำประเทศไทย - Open ...,https://data.go.th/dataset/covid-19-daily,"COVID-19 COVID19 สาธารณสุข โควิด โคโรน่า โรคติดต่อ. ระดับในการเข้าถึงข้อมูล, สาธารณะ. วันที่สร้าง metadata, 20 มีนาคม 2563. วันที่ปรับปรุง metadata, 14 ธันวาคม
วันที่สร้างไฟล์/ลิงก์ข้อมูลใน catalog: 27 ตุลาคม 2564
รูปแบบของไฟล์ชุดข้อมูล: application/vnd.openx...
วันที่ปรับปรุงไฟล์/ลิงก์ข้อมูลใน catalog: 14 ธันวาคม ...
รหัสทรัพยากรข้อมูล: 1c2f6045-c600-410a-995c-..."
ศูนย์บริหารสถานการณ์แพร่ระบาดของโรคติดเชื้อไวรัสโคโรนา 2019 ...,https://www.moicovid.com/,สำนักงานปลัดกระทรวงมหาดไทย ถนนอัษฎางค์ เขตพระนคร กรุงเทพฯ 10200 โทรศัพท์: 0 - 2222 - 1141-55.
โรคติดเชื้อไวรัสโคโรนา (COVID-19) - แพทยสภา,https://tmc.or.th/covid19/,รายงานสถานการณ์ โควิด-19. ที่มา : กรมควบคุมโรค. Unexpected Error. An unexpected error occurred. If you continue to receive this error please contact your
โควิด-19 กรมการแพทย์ | หน้าหลัก,https://covid19.dms.go.th/,แนวทางเวชปฏิบัติ การวินิจฉัย ดูแลรักษา และป้องกันการติดเชื้อในโรงพยาบาล กรณีโรคติดเชื้อไวรัสโคโรนา 2019 (COVID-19) สำหรับแพทย์และบุคลากรสาธารณสุข ฉบับ
• โรคโควิด 19 คือโรคติดต่อ ซึ่งเกิดจากไวรัสโคโ,https://www.who.int/docs/default-source/searo/thailand/update-28-covid-19-what-we-know---june2020---thai.pdf?sfvrsn=724d2ce3_0,โรคโควิด 19 คือโรคติดต่อ ซึ่งเกิดจากไวรัสโคโรนาชนิดที่มีการ. ค้นพบล่าสุด. • ไวรัสและโรคอุบ ัติใหม่น ี้ไม่เป็นที่รู้จักเลยก่อ นที่จะมีการระบาดใน.
Q&A on COVID-19,https://www.who.int/thailand/emergencies/novel-coronavirus-2019/q-a-on-covid-19,Home/; Emergencies/; Novel Coronavirus 2019/; Q&A on COVID-19. Coronavirus disease (COVID-19) questions and answers. Section navigation.
ศูนย์ปฎิบัติการฉุกเฉินโควิด-19 กรมสนับสนุนบริการสุขภาพ,http://www.hsscovid.com/,TeleMed-5. TeleMed-6. TeleMed-7. TeleMed-8
นครราชสีมา Covid-19,https://covid-19.nakhonratchasima.go.th/,ศาลากลางจังหวัดนครราชสีมา ถนนมหาดไทย ตำบลในเมือง อำเภอเมืองครราชสีมา จังหวัดนครราชสีมา 30000 โทรศัพท์ : 0-4424-3798 โทรสาร : 0-4425-5070 อีเมล์:
สุพรรณบุรี Covid-19,http://www.covid.suphanburi.go.th/,"ศาลากลางจังหวัดสุพรรณบุรี (ชั้น 4) ถนนสุพรรณบุรี-ชัยนาท ตำบลสนามชัย อำเภอเมือง จังหวัดสุพรรณบุรี 72000 โทร. 0 3553 5106,0 3553 5376 โทรสาร 0 3553 5375."
คณะทำงานเฉพาะกิจพิเศษบริหารสถานการณ์ COVID-19 ของกรม ...,https://www.rd.go.th/62121.html,ข้อกำหนดศูนย์บริหารสถานการณ์การเพร่ระบาดของโรคติดเชื้อไวรัสโคโรนา 2019 กระทรวงมหาดไทย - (หนังสือรับรองการเดินทางฯ) · กรมสรรพากร ดำเนินการเรื่อง COVID-19 อย่าง
รัฐบาลไทย-ข่าวทำเนียบรัฐบาล-สถานการณ์ Covid-19,https://www.thaigov.go.th/banner/id/840,สถานการณ์ Covid-19 ประจำวันที่ 11 กันยายน 2564 · สรุปการประชุมคณะกรรมการบริหารสถานการณ์การแพร่ระบาดของโรคติดเชื้อไวรัสโคโรนา 2019 (โควิด-19) ครั้งที่ 14/2564
ปัตตานี Covid-19,https://covid.pattani.go.th/,ศาลากลางจังหวัดปัตตานี ถ.เดชา ต.สะบารัง อ.เมือง จ.ปัตตานี 94000 โทร : 073-349002 โทรสาร: 073-349002 E-mail : pattani@moi.go.th.
ระนอง Covid-19,https://covid.ranongcities.com/,อาคารศาลากลางจังหวัดระนอง เลขที่ 999 ถ.เพชรเกษม ต.บางริ้น อ.เมืองระนอง จ.ระนอง 85000 ศูนย์บัญชาการฯ 0-7780-0170 สายตรง 1567.
ประกาศ/คำสั่งจังหวัด,http://www.chiangmai.go.th/covid19/command.html,ข้อมูลสำคัญเกี่ยวกับสถานการณ์ COVID-19 ของจังหวัดเชียงใหม่. ... การแพร่ระบาดโรคติดเชื้อไวรัสโคโรนา 2019 เพื่อเสนอต่อคณะกรรมการโรคติดต่อจังหวัดเชียงใหม่
covid-19 - ธนาคารแห่งประเทศไทย,https://www.bot.or.th/covid19,"มาตรการช่วยเหลือ. และข้อมูลสถาบันการเงินในสถานการณ์. COVID-19
29 พ.ย. 2564 · อัปโหลดโดย สมาคมสถาบันการเงินของรัฐ (GFA)"
กาญจนบุรี Covid-19,https://covid.kanchanaburi.go.th/,สำนักงานจังหวัดกาญจนบุรี ศาลากลางจังหวัดกาญจนบุรี ถนนแสงชูโต ต.ปากแพรก อ.เมือง จ.กาญจนบุรี 71000 โทร./โทรสาร 0-3451-5208.
5.1 ความสำคัญของการป้องกัน - COVID-19 Course - มหาวิทยาลัย ...,https://learningcovid.ku.ac.th/course/?c=5&l=1,องค์การอนามัยโลก ประกาศ โรคโควิด 19 เป็นโรคระบาดที่กระจายทั่วโลก (Pandemic) ... คำแนะนำการป้องกันโรคโควิด 19 จาก กรมควบคุมโรคติดต่อ กระทรวงสาธารณสุข.
COVID-19 CR,http://61.19.32.29/covid19cr/web/index.php,"1, เมืองเชียงราย, 1477. 2, แม่สาย, 1247. 3, รับมารักษา, 1017. 4, แม่จัน, 380. 5, เทิง, 262. « 1 · 2 · 3 · 4 · 5 · ». รายงานสถานการณ์ โควิด-19"
การระบาดทั่วของโควิด-19 - วิกิพีเดีย,https://th.wikipedia.org/wiki/การระบาดทั่วของโควิด-19,"ศูนย์สั่งการของรัฐบาลอิตาลี. โรค, โรคติดเชื้อไวรัสโคโรนา 2019 (COVID-19). สถานที่, ทั่วโลก. ผู้"
จันทบุรี Covid-19,https://covid.chanthaburi.go.th/,ศาลากลางจังหวัดจันทบุรี ถ.เลียบเนิน ต.วัดใหม่ อ.เมือง จ.จันทบุรี 22000 E-mail : chanthaburi@moi.go.th.
เกาะติดสถานการณ์ไวรัส Covid-19 - โพสต์ทูเดย์,https://www.posttoday.com/specials/covid19?updated=1639644648,"INTERNATIONAL NEWS COVID-19. แนะฉีดเข็มสามหลังผลวิจัยชี้ Sinovac กับ BioNTech ต้าน Omicron ไม่ไหว. 16 ธ.ค. 2564, 13:45"
เว็บไซต์ศูนย์บริหารสถานการณ์แก้ไขการแพร่ระบาดโรคโควิด 19 ...,https://covid.ayutthaya.go.th/,ศาลากลางจังหวัดพระนครศรีอยุธยา ถนนสายเอเซีย อำเภอพระนครศรีอยุธยา จังหวัดพระนครศรีอยุธยา 13000 โทรศัพท์/โทรสาร : 0-3533-5665 ต่อ 26 E-mail
โควิด-19 - TDRI: Thailand Development Research Institute,https://tdri.or.th/issue/covid-19/,ข่าวและบทความ. COVID-19 ในประเทศไทยใกล้จะเป็น “โรคประจำถิ่น” หรือ
Covid 19 Insurance: Home,https://covid19.tgia.org/,1.กรมธรรม์ประกันภัยคุ้มครองชาวต่างชาติที่เดินทางเข้าประเทศไทย ในช่วงสถานการณ์การแพร่ระบาดของโรคติดเชื้อไวรัสโคโรนา 2019 (COVID-19) นี้ บุคคลที่สามารถทำประกันภัย
บันทึกสถานการณ์โควิด-19 - กระทรวงการอุดมศึกษา วิทยาศาสตร์ วิจัย ...,https://www.mhesi.go.th/index.php/content_page/39-covid-19.html,อว. พารอด. ข้อมูลข่าวสาร และ สถานการณ์ โรคไวรัสโคโรนาสายพันธุ์ใหม่ 2019 (COVID-19) ประจำประเทศไทย. COVID Statistic COVID Knowledge
Covid 19 - จังหวัดบุรีรัมย์,http://www.buriram.go.th/covid-19/,ประกาศเรื่อง : ประกาศคณะกรรมการโรคติดต่อจังหวัดบุรีรัมย์ เรื่อง การป้องกันการระบาดใหม่ของโรคติดเชื้อไวรัสโคโรนา 2019 (COVID-19) พ.ศ. 2564 แก้ไขเพิ่มเติม ครั้ง
อัปเดตยอดล่าสุด ผู้ติดเชื้อไวรัสโควิด 19 รอบโลก (covid-19) 16 ...,https://travel.trueid.net/detail/EpwDxDy0Jd17,"#
ประเทศ / ภูมิภาค; Country / Territory
จำนวนผู้ติดเชื้อไวรัส; Confirmed
จำนวนผู้ติดเชื้อรายใหม่; N...
ยอดรวมทั้งโลก; World
272,451,828
+707,768
2
อินเดีย; India
34,718,669
+8,039
3
บราซิล; Brazil
22,201,221
+5,446
ดูอีก 223 แถว"
สถานการณ์ COVID-19 ในจังหวัดกาฬสินธุ์,http://www.kalasin.go.th/t/index.php/th/covid-19.html,สถานการณ์การแพร่ระบาด โรคติดเชื้อไวรัสโควิด-19 จังหวัดกาฬสินธุ์ ประจำวันที่ 9 ธันวาคม 2564. 1; 2 · 3 · 4. จำนวนผู้เข้าชม ::
Covid-19 Center Phayao Province - จังหวัดพะเยา,http://www.phayao.go.th/covid/,"ศูนย์บริหารสถานการณ์การแพร่ระบาดของโรคติดเชื้อไวรัสโคโรนา 2019 จังหวัดพะเยา (ศบค.พย). จังหวัดพะเยา ไร้ผู้ป่วยโควิดรายใหม่ 0 วัน (นับตั้งแต่วันที่
5 ธ.ค. 2564 · อัปโหลดโดย อภิชาติ ปิงเมือง"
สงขลา Covid-19,https://covid.songkhla.go.th/,ศาลากลางจังหวัดสงขลา อำเภอเมือง จังหวัดสงขลา 90000 สงขลา Covid-19 เบอร์โทรองค์กร 0 7431 6478-9 เบอร์แฟกซ์ 0 7431 6478-9.
Covid-19 : 4 สายพันธุ์อันตรายในไทยที่ต้องระวัง! - โรงพยาบาลศิครินทร์,https://www.sikarin.com/health/covid19-สายพันธุ์อันตรายในไทย,"โควิด19 สายพันธุ์อันตรายในไทยที่ต้องระวัง - สายพันธุ์เดลต้าพลัส (Delta Plus) อาจมีความรุนแรงกว่าเดิม เนื่องจากหลบภูมิคุ้มกันได้ดี.
สายพันธ์ุแคลิฟอร์เนีย: B.1.427 / B.1.429
สายพันธุ์อินเดีย: B.1.617.1
สายพันธุ์บราซิล: P.2
สายพันธุ์ฟิลิปปินส์: P.3"
จุฬาฯ รู้สู้ COVID-19 - จุฬาลงกรณ์มหาวิทยาลัย,https://www.chula.ac.th/covid-19/,ข่าวสาร (COVID-19). จุฬาฯ จัดเสวนา CHULA the Impact ครั้งที่ 5 “ความคืบหน้าวัคซีนโควิด-
COVID-19 – ข้อมูลล่าสุดเกี่ยวกับ COVID-19 (coronavirus),https://covid-19.kmutt.ac.th/,แจ้งรายงานเหตุการณ์ COVID-19 ภายใน มจธ. สืบเนื่องจากการเกิดภาวะวิกฤตของการแพร่ระบาดของโรคติดเชื้อไวรัสโคโรนา 2019 (COVID-19) ซึ่งปรากฏข้อเท็จจริง
ระบบคัดกรอง COVID-19 ของ กรุงเทพมหานคร,http://bkkcovid19.bangkok.go.th/,"BKK COVID-19. ﻿. ทำแบบประเมินความเสี่ยง ... 4, ติดต่อ, จังหวัดพื้นที่เสี่ยง (ควบคุมสูงสุด (สีแดง) 18 จังหวัดตามที่ศูนย์บริหารสถานการณ์โควิด-19 (ศบค.)"
COVID-19 UPDATES | Bangkok Hospital,https://www.bangkokhospital.com/page/covid-19-updates,อัปเดตข้อมูลที่เกี่ยวข้องกับโรค COVID-19 และ วัคซีน รวมทั้งข้อควรปฏิบัติก่อน-หลังฉีดวัคซีน พร้อมการให้บริการที่เกี่ยวข้องจากโรงพยาบาลกกรุงเทพ
Thailand Situation Update Coronavirus COVID-19,https://www.businesseventsthailand.com/th/situation-update-coronavirus-COVID-19,"ไวรัสโคโรนา (โควิด-19). ไทย. ผู้ติดเชื้อ. 2,178,276 (+3,370). เสียชีวิต. 21,258. (+29). กำลังรักษา. 1,061. (+0). รักษาหาย. 2,110,701."
รวมประกาศมหาวิทยาลัยธรรมศาสตร์,https://tu.ac.th/announcement-covid19,มาตรการและคำแนะนำการป้องกันควบคุมโรคไวรัสโคโรนา 19 /Measures and Recommendations on the Prevention and Control of Coronavirus 19.
ศูนย์ต่อสู้ Covid-19 - เทศบาลเมืองท่าโขลง,https://thakhlong.go.th/public/list/data/index/menu/1695,เทศบาลเมืองท่าโขลง (ทม.ท่าโขลง) ตำบลคลองหนึ่ง อำเภอ.คลองหลวง จังหวัดปทุมธานี.
COVID-19 - กระทรวงการต่างประเทศ,https://www.mfa.go.th/th/page/covid-19,Ministry of Foreign Affairs of the Kingdom of Thailand. Follow us:.
10 จุดสะสม COVID-19 | มหาวิทยาลัยมหิดล - คณะแพทยศาสตร์โรง ...,https://www.rama.mahidol.ac.th/th/infographics/178,อ่านเพิ่มเติมในรูปแบบ PDF กลับสู่หน้ารวม INFOGRAPHICS เพียงสแกน QR code ข้างบน หรือคลิกที่ลิงก์ข้างล่างนี้ เพื่อเป็นเพื่อนแล้วรับข่าวสารจากLINE Official
ค้นโควิด,https://koncovid.com/,swab. ค้นหาจุดตรวจโควิดค้นหาสถานที่รับตรวจโควิด-19 ใกล้บ้านด้วยรหัสไปรษณีย์ทั่วไทย พร้อมระบุประเภทสถานที่ตรวจ และประเภทการตรวจที่
ราย ชื่อ หน่วย รับ คัด กรอง covid-19,https://www.nhso.go.th/page/covid19,Covid 19. หน้าหลัก. รายชื่อหน่วยรับคัดกรอง COVID-19. 69690 แชร์. สำนักงานหลักประกันสุขภาพแห่งชาติ. เวอร์ชั่น 4.1.3 (23.09.2564). Copyright © 2020.
สถานการณ์ติดเชื้อ COVID-19 ในไทยประจำวันที่ 16 ธ.ค. 2564,https://www.samyan-mitrtown.com/2021/12/16/สถานการณ์ติดเชื้อ-covid-19-ในไ-246/,วันพฤหัสบดีที่ 16 ธันวาคม 2564 เวลา 11.30 น.ศูนย์บริหารสถานการณ์การแพร่ระบาดของโรคติดเชื้อไวรัสโคโรนา 2019 (COVID-19) หรือ ศบค.
Digital Technology Key to Supporting Thailand's Recovery ...,https://www.worldbank.org/th/news/press-release/2021/12/14/digital-technology-key-to-supporting-thailand-s-recovery-from-covid-19-as-growth-rebounds,"WORK WITH US. Jobs, procurement, training, and events. News · COVID-19 · World Bank Support for Country Access to COVID-19 Vaccines."
GISTDA จับมือ วช.ต่อยอด COVID-19 iMap Platform สู่การพัฒนา ...,https://mgronline.com/south/detail/9640000123353,ดำเนินงานวิจัยโครงการพัฒนาระบบบริหารสถานการณ์ รองรับการแพร่ระบาดโควิด-19 เพื่อพัฒนาเป็นเครื่องมือสำหรับใช้ประกอบการตัดสินใจ โดยมีนายปิยพงศ์ ชู
เจ้าหญิงดัตซ์จัดปาร์ตี้ฉลองวันเกิด เมินรบ.ขอความร่วมมือห้ามรวมกลุ่ม ...,https://workpointtoday.com/dutch-princess-celebrates-birthday-amid-covid-19-surge/,ขอความร่วมมือห้ามรวมกลุ่ม ขณะโควิด-19 ระบาดหนักในประเทศ ... เนื่องจากได้ถูกจัดขึ้นในขณะที่เนเธอแลนด์กำลังเผชิญการแพร่ระบาดของไวรัสโควิด-19
สถานการณ์ Covid-19 (ระลอกใหม่) จ.เชียงใหม่ พบผู้ติดเชื้อเพิ่ม 68 ...,https://www.chiangmainews.co.th/page/archives/1869760/,สาธารณสุขจังหวัดเชียงใหม่ เผยสถานการณ์ COVID-19 (ระลอกใหม่) พบผู้ป่วย Covid-19 เพิ่ม 68 ราย สะสม 28016 ราย เสียชีวิต 4 ราย สะสม 156 ราย ในวันที่ 15 ธ.ค.
การติดตามผู้สัมผัส | Contact tracing | Unite against COVID-19,https://covid19.govt.nz/languages-and-resources/translations/thai/contact-tracing/,"The traffic lights (COVID-19 Protection Framework) protect Aotearoa New Zealand from COVID-19, while allowing people with My Vaccine Pass more freedoms."
ลงทะเบียนการตรวจ Covid-19 Fast Track - โรงพยาบาลสุขุมวิท,https://www.sukumvithospital.com/healthcontent.php?id=3677,*หากช่วงเวลาที่ต้องการลงทะเบียนเต็ม กรุณาลงทะเบียนในช่วงที่ว่างในวันและเวลาถัดไป. Covid. สาระความรู้ · สาระเกี่ยวกับ COVID-19 · คำแนะนำการฉีดวัคซีน Moderna.
ลงทะเบียนฉีดวัคซีน COVID-19 เข็มแรก - นนท์พร้อม,https://www.xn--o3cdavpl4ezlya.com/nontprompt/vc1_available_list,Nonthaburi Provincial Public Health Office ถ.รัตนาธิเบศร์ ต.บางกระสอ อ.เมือง จ.นนทบุรี 11000 โทรศัพท์ 02 9503071. ศูนย์สื่อสารความเสี่ยงโควิด 19 โทร. 061 394
ไวรัสโคโรนา (โควิด-19) - Google News,https://news.google.com/covid19/map?hl=th&gl=TH&ceid=TH:th&mid=/m/07f1x,ดูแผนที่ สถิติ และข่าวสารของพื้นที่ที่ได้รับผลกระทบจากโควิด-19 ใน Google News.
นครปฐม Covid-19,https://covid.nakhonpathom.go.th/,ศูนย์ราชการจังหวัดนครปฐม เลขที่ 99 หมู่ที่ 6 ถนนศูนย์ราชการ ตำบลถนนขาด อำเภอเมืองนครปฐม จังหวัดนครปฐม 73000 เบอร์โทรศัพท์ 0 3434 0155-6 โทรสาร (+66) 0 3434
COVID-19 Archives - ศูนย์ต่อต้านข่าวปลอม | Anti ...,https://www.antifakenewscenter.com/tag/covid-19/,13 ต.ค. 2564 13:00. ข่าวปลอม อย่าแชร์! ผลิตภัณฑ์กระชายขาว ตรา BioProud กินแล้วเชื้อโควิด-19 ไม่ลงปอด · #AFNCThailand #COVID-19 #
‎COCOA - COVID-19 Contact App บน App Store,https://apps.apple.com/th/app/cocoa-covid-19-contact-app/id1516764458?l=th,"Officially provided by the Ministry of Health, Labour and Welfare of Japan (MHLW), this app notifies you of close contact with COVID-19"
Covid-19 - ::..จังหวัดหนองบัวลำภู..::,http://www.nongbualamphu.go.th/NEXT/index.php/covid-19,readmorecovid 19. ประกาศสถานการณ์ฉุกเฉิน. คำสั่งศูนย์บริหารสถานการณ์การแพร่ระบาดของโรคติดเชื้อไวรัสโคโรนา ๒๐๑๙ (โควิด -
ประกาศ/คำสั่ง (COVID-19) - จังหวัดอำนาจเจริญ,http://www.amnatcharoen.go.th/index.php/covid-19,"ประกาศจังหวัดอำนาจเจริญ เรื่อง มาตรการเฝ้าระวัง ป้องกัน และควบคุมโรคติดเชื้อไวรัสโคโรนา 2019 (โควิด -19) ฉบับที่ 18, 30 พฤศจิกายน 2564, ฮิต: 292."
Coronavirus 2019 (COVID-19) Risk Assessment and ...,https://netcovid.sut.ac.th/,ระบบประเมินความเสี่ยงการติดเชื้อไวรัสโคโรนา 2019 (COVID-19). นักเรียน นักศึกษา บุคลากร. รหัสพนักงาน. รหัสผ่านอีเมลหรือ SUT-Wifi. รหัส นศ.
COVID-19 VS ไข้หวัดใหญ่ อาการต่างกันอย่างไร? - โรงพยาบาล ...,http://www.khonkaenram.com/th/services/health-information/health-articles/health/covid-19-vs-influenza,ไข้หวัดธรรมดา มักเกิดจากเชื้อไวรัสไรโนไวรัส (Rhinovirus) 30-80% เป็นไวรัสที่ทำให้เกิดโรคกับจมูก คือหวัดธรรมดา และ ไวรัสโคโรนาไวรัส (Coronavirus) 10-15% แต่เป็น
ข้อมูลสถานการณ์ เลย Covid-19 - เว็บไซต์จังหวัดเลย,https://www.covid.loei.go.th/news,"ข้อมูลสถานการณ์,ศาลากลางจังหวัดเลย ชั้น 2 ถนนมะลิวรรณ ตำบลกุดป่อง อำเภอเมือง จังหวัดเลย 42000 Email: loei.poc2@gmail.com , loei@moi.go.th."
นครพนม Covid-19,https://covid.nakhonphanom.go.th/,สำนักงานจังหวัดนครพนม ศาลากลางจังหวัดนครพนม (หลังใหม่) ชั้น 2 ต.ในเมือง อ.เมืองนครพนม จ.นครพนม 48000.
COVID-19 precautionary measures | TÜV SÜD Thailand,https://www.tuvsud.com/th-th/covid-19-precautionary-measures,Know what safety measures TÜV SÜD took during COVID-19 to safeguard employees & continue operations without disruptions. Visit our website to learn more.
YMID Portal ศูนย์กลางข่าวสาร COVID-19 ถูกต้อง ฉับไว! - สำนักงาน ...,https://www.nia.or.th/public/YMIDPortal,NIA ได้เปิดแพลตฟอร์ม “YMID Portal” ภายใต้แคมเปญ Thai TeleHealth Fight Covid-19 โดยได้รับความร่วมมือจากทั้งภาครัฐและเอกชน เพื่อใช้เป็นศูนย์กลางในการเผยแพร่
COVID-19 Coronavirus Pandemic - Worldometer,https://www.worldometers.info/coronavirus/?utm_campaign=homeAdvegas1?,"Country, Other
Total; Cases
New; Cases
Total; Deaths
New; Deaths
Total; Recovered
Ne...
World
272,554,232
+95,585
5,347,748
+2,222
244,965,629
+1...
Asia
83,353,318
+16,586
1,236,226
+219
80,598,306
+2...
Europe
79,289,531
+72,422
1,475,193
+1,789
69,439,735
+1...
ดูอีก 237 แถว"
NANOTEC COVID-19 R&D – ศูนย์นาโนเทคโนโลยีแห่งชาติ ...,https://www.nanotec.or.th/th/nanotec-covid-19-rd,ในช่วงเวลาที่ทุกคนเตรียมความพร้อมเพื่อความปลอดภัยของตนเองและสังคมในยุคที่โรคระบาดใหม่อย่างโควิด-19 กำลังเป็นประเด็นร้อนที่ส่งผลกระทบทั่วโลก
ประกาศ/คำสั่งจังหวัด - พัทลุง Covid-19,https://covid.phatthalung.go.th/announce,จำนวนประกาศ/คำสั่งจังหวัดทั้งหมด 66 รายการ. มาตรการป้องกันการแพร่ระบาดโรคติดเชื้อไวรัสโคโรนาสายพันธ์ใหม่ (ฉบับ 35) (ดู : 763)
คำแนะนำในการรับวัคซีนในผู้ใหญ่ ในช่วงที่มีการระบาดของ covid-19,https://www.pidst.or.th/A912.mobile,"คำแนะนำในการรับวัคซีนในผู้ใหญ่ ในช่วงที่มีการระบาดของ COVID-19. ดาวน์โหลดไฟล์แนบ. <span id=""XinhaEditingPostion""></span>. loading."
EU Children Covid-19 Vaccine Hesitancy - VOA Thai,https://www.voathai.com/a/6356866.html,วีโอเอไทย ข่าวสดสายตรงจากอเมริกา.
ผลการศึกษาชี้ยาต้านอาการซึมเศร้า 'Fluvoxamine' อาจลดความเสี่ยง ...,https://www.tcijthai.com/news/2021/12/current/12102,จาก COVID-19 ได้ | ที่มาภาพ: Matt Miller/Wash. ... อาจช่วยลดความเสี่ยงของผู้ติดเชื้อโคโรนาไวรัสในที่จะต้องเข้ารับการรักษาในโรงพยาบาลได้.
บริการตรวจเชื้อ COVID-19 ด้วยระบบ Drive Thru ที่ โรงพยาบาลบาง ...,https://hdmall.co.th/health-checkup/check-covid-19-drive-thru-bangpakok-rungsit2,เช็กโปรโมชั่น และราคา บริการตรวจเชื้อ COVID-19 ด้วยระบบ Drive Thru ที่ โรงพยาบาลบางปะกอก รังสิต 2 บน HDmall.co.th สอบถามแอดมินได้ทุกเรื่อง!
อังกฤษพบผู้เสียชีวิตจาก COVID-19 สายพันธุ์โอไมครอนรายแรก,https://thematter.co/brief/162698/162698,บอริส จอห์นสัน นายกรัฐมนตรีอังกฤษ แถลงว่า พบผู้เสียชีวิตจาก COVID-19 สายพันธุ์โอไมครอนเป็นรายแรกของประเทศ นายกฯ
"""โควิดวันนี้"" 10 จังหวัดติดเชื้อสูงสุด กทม. 572 จับตา เมืองคอน ...",https://www.komchadluek.net/covid-19/497106,"ศูนย์ข้อมูลโควิด-19 รายงาน อัปเดต ""โควิดวันนี้"" กทม. ยอดติดเชื้อ 572 จับตา เมืองคอน-สมุทรปราการ เชื้อลามหนัก."
World Medical Hospital (WMC),https://www.theworldmedicalcenter.com/th/new_site/index,โรงพยาบาลเวิลด์เมดิคอล แนะนำข้อควรปฏิบัติในการเตรียมความพร้อม..ก่อนเข้ารับการฉีดวัคซีน COVID-19 อ่านเพิ่มเติม >>. 20 May 21. แพ็คเกจ & โปรโมชั่น
National Institute for Emergency Medicine - สถาบันการแพทย์ ...,https://www.niems.go.th/1/Video/Detail/127?group=7,COVID-19 patient being resuscitated safely- Immersive Simulation by the ICAST team.
"อำเภอคลองหลวง, จังหวัดปทุมธานี Coronavirus Information",https://weather.com/th-TH/coronavirus/l/Khlong+Luang+Pathum+Thani?canonicalCityId=7a0ef6c6d372a0b4ea40ee9916c7ff8c5c59a0081da51133c8e235aff78a8b4a,"ตำแหน่ง
ผู้ป่วยที่ยืนยันแล้ว
ผู้ติดเชื้อต่อประชากร 1,000 คน
เสียชีวิต
ทั่วโลก
268,836,827
34.82
5,296,414
สหรัฐอเมริกา
49,531,538
149.64
790,304
ประเทศอินเดีย
34,697,860
25.14
475,636
ดูอีก 217 แถว"
อว.แนะนำสายด่วน เมื่อทราบผลติดเชื้อ COVID-19 - UniNet,https://www.uni.net.th/อว-แนะนำสายด่วน-เมื่อทรา/,"COVID-19 เฉพาะกิจ โทร 1668 ,1330,1669 ซึ่งสายด่วนเหล่านี้เป็นการบูรณาการความร่วมมือของหน่วยงานในสังกัด กระทรวงสาธารณสุข โดยกรมการแพทย์"
ข้อมูลสถานการณ์ COVID-19 สำหรับนักพัฒนาระบบ - NSTDA,https://www.nstda.or.th/home/knowledge_post/ข้อมูลสถานการณ์-covid-19-สำหรับ/,รายงานสถานการณ์ COVID-19 ประจำวัน แยกตามรายจังหวัด; ข้อมูลผู้ป่วยประจำวัน(Line Lists); รายงานสถานการณ์ COVID-19 ระลอก 3 (ตั้งแต่ 01/04/2021 –
Pfizer's Covid-19 Pills Show Effectiveness against Omicron ...,https://www.kaohoon.com/news/501153,Pfizer Inc. said that its Covid-19 pill showed near 90% efficacy in preventing hospitalizations and deaths while retaining effectiveness
เรื่องเล่าคนด่านหน้า : อัตวิสัย การรับมือโรคอุบัติใหม่19 (โควิด-19) ใน ...,https://so05.tci-thaijo.org/index.php/gvc-tu/article/view/253051,เรื่องเล่าคนด่านหน้า : อัตวิสัย การรับมือโรคอุบัติใหม่19 (โควิด-19) ในจังหวัดชายแดนใต้ กรณีศึกษาอำเภอยะรัง จังหวัดปัตตานี
ข่าว ข่าววันนี้ ข่าวล่าสุด วีดีโอ - BBC News ไทย,https://www.bbc.com/thai,เรื่องต้องรู้เกี่ยวกับไวรัสโคโรนา. ลำดับเหตุการณ์ แผนที่ อินโฟกราฟิก ยอดติดเชื้อ-เสียชีวิตจากโควิด-19 ในไทย
ทั่วโลกมีแนวโน้มขาดแคลนพยาบาลเพิ่มขึ้นอีก เนื่องจาก COVID-19 ...,https://prachatai.com/journal/2021/12/96377,สภาพยาบาลระหว่างประเทศ (ICN) ชี้ทั่วโลกมีแนวโน้มเผชิญกับการขาดแคลนพยาบาลเพิ่มมากขึ้นอีก เนื่องจากการระบาดของ COVID-19 ที่ยืดเยื้อ
ตรวจ RT-PCR คัดกรองโควิด – 19 ก่อนผ่าตัด - บริษัท เมดิคอลไลน์ ...,https://www.medicallinelab.co.th/บริการของเรา/ตรวจ-rt-pcr-คัดกรองโควิด-19-ก่อ/,ศูนย์การตรวจวิเคราะห์ทางการแพทย์ เมดิคอลไลน์ แล็บ และ MLL คลินิกเวชกรรม ผู้ได้รับการรับรองห้องปฏิบัติการมาตรฐานการตรวจหาเชื้อโควิด – 19 จากกรมวิทยศาสตร์การ
เริ่มแล้ว! ใช้บัตร EMV แตะจ่ายค่าผ่านทางด่วนฉิว 5 สายทางลดความ ...,https://www.matichon.co.th/publicize/news_3086076,... เลี่ยงการใช้เงินสด ลดความเสี่ยงจากการแพร่ระบาดของโรคติดเชื้อไวรัส COVID-19 พร้อมด้วย นายอธิรัฐ รัตนเศรษฐ รัฐมนตรีช่วยว่าการกระทรวงคมนาคม
โควิด-19 (COVID-19) - พบแพทย์ - Pobpad,https://www.pobpad.com/โควิด-19-covid-19,โควิด-19 (COVID-19) คือโรคติดต่อในระบบทางเดินหายใจจากการติดเชื้อไวรัสโคโรนาสายพันธุ์ใหม่ 2019 ส่งผลให้เกิดอาการได้หลายระดับ
ตรวจคัดกรองหาเชื้อไวรัส COVID-19 - โรง พยาบาล การุญ เวช,http://karunvej.com/wp/?page_id=2080,ตรวจคัดกรองหาเชื้อไวรัส COVID-19. woman-working-as-doctor. ตรวจคัดกรองหาเชื้อไวรัส COVID-19. กลับขึ้นข้างบน. มือถือ เดสก์ทอป.
COVID-19 - ECDC - European Union,https://www.ecdc.europa.eu/en/covid-19,"See all information on COVID-19, situation updates, risk assessments, questions and answers, latest evidence, surveillance and laboratory guidance and how"
Covid - ธนาคารกรุงไทย,https://krungthai.com/covid19-2/main,"ลูกค้าที่ได้รับผลกระทบทั้งทางตรงและทางอ้อมจากสถานการณ์แพร่ระบาดโรคโควิด 19 เช่น ธุรกิจสายการบิน, ธุรกิจโรงแรม หรือธุรกิจที่ปิดกิจการชั่วคราวตามประกาศทางราชการ"
THG Drive-thru Covid19 Test - โรงพยาบาลธนบุรี,https://www.thonburihospital.com/THG_Drive_Thru_Covid19_Test.html,เปิดบริการแล้ววันนี้❗️ THG DRIVE-THRU COVID-19 TEST @ลานจอดรถชั้น 6 รพ.ธนบุรีบำรุงเมือง สะดวก ปลอดภัย ไม่ต้องลงจากรถ
ข้อมูลเกี่ยวกับไวรัส COVID-19,http://thg-health.com/covid19/77-covid-19.html,เชื้อไวรัสสายพันธุ์ โคโรนาคืออะไร ไวรัสสายพันธุ์ โคโรนา ... คืออะไร โรคโควิด-19 คือ โรคทางเดินหายใจที่มาจากการติดเชื้อไวรัสโคโรนา
ตรวจสอบคำขออนุญาต,http://203.157.210.2/covid-19/search.php,แบบคำขออนุญาตเดินทาง เข้า - ออก พื้นที่จังหวัดชัยนาท. CHAINAT to Go. ประกาศ. ประกาศ / คำสั่งจังหวัดชัยนาท · ประกาศ สสจ.ชัยนาท · มาตรการ · แนวทางเวชปฏิบัติ.
Coronavirus Disease 2019 (COVID-19) | CDC,https://www.cdc.gov/coronavirus/2019-ncov/index.html,"Find links to guidance and information on all topics related to COVID-19, including the COVID-19 vaccine, symptom self-check, data, and other topics."
วัคซีนป้องกันโรคโควิด-19,https://www.bumrungrad.com/th/health-blog/february-2021/covid-19-vaccinations,Q: ผู้ที่มีโรคประจำตัว เช่น โรคเบาหวาน โรคหัวใจและหลอดเลือด โรคไตวายเรื้อรัง โรคหลอดเลือดสมอง สามารถฉีดวัคซีนป้องกันโรคโควิด-19 ได้หรือไม่? Q:
อาชีพเสริม 2565 (ยุค Covid-19) - ข่าวช่อง 7HD,https://news.ch7.com/detail/535889,นับถอยหลังเข้าสู่ปี 2565 คนทั่วโลกต้องใช้ชีวิตแบบ New Normal เต็มรูปแบบ จากพิษ Covid-19 ที่ตอนนี้มีตัวเลขจากองค์การแรงงานระหว่างประเทศประมาณ
